{
  "images" : [
    {
      "extent" : "full-screen",
      "idiom" : "iphone",
      "subtype" : "736h",
      "filename" : "default-1242x2208.png",
      "minimum-system-version" : "8.0",
      "orientation" : "portrait",
      "scale" : "3x"
    },
    {
      "extent" : "full-screen",
      "idiom" : "iphone",
      "subtype" : "736h",
      "filename" : "default-2208x1242.png",
      "minimum-system-version" : "8.0",
      "orientation" : "landscape",
      "scale" : "3x"
    },
    {
      "extent" : "full-screen",
      "idiom" : "iphone",
      "subtype" : "667h",
      "filename" : "default-750x1334.png",
      "minimum-system-version" : "8.0",
      "orientation" : "portrait",
      "scale" : "2x"
    },
    {
      "orientation" : "portrait",
      "idiom" : "iphone",
      "extent" : "full-screen",
      "minimum-system-version" : "7.0",
      "filename" : "default-640x960-1.png",
      "scale" : "2x"
    },
    {
      "extent" : "full-screen",
      "idiom" : "iphone",
      "subtype" : "retina4",
      "filename" : "default-640x1136-1.png",
      "minimum-system-version" : "7.0",
      "orientation" : "portrait",
      "scale" : "2x"
    },
    {
      "orientation" : "portrait",
      "idiom" : "ipad",
      "extent" : "full-screen",
      "minimum-system-version" : "7.0",
      "filename" : "default-ipad-768x1024.png",
      "scale" : "1x"
    },
    {
      "orientation" : "landscape",
      "idiom" : "ipad",
      "extent" : "full-screen",
      "minimum-system-version" : "7.0",
      "filename" : "default-ipad-landscape@1x.png",
      "scale" : "1x"
    },
    {
      "orientation" : "portrait",
      "idiom" : "ipad",
      "extent" : "full-screen",
      "minimum-system-version" : "7.0",
      "filename" : "default-ipad-1536x2048.png",
      "scale" : "2x"
    },
    {
      "orientation" : "landscape",
      "idiom" : "ipad",
      "extent" : "full-screen",
      "minimum-system-version" : "7.0",
      "filename" : "default-ipad-2048x1536.png",
      "scale" : "2x"
    },
    {
      "orientation" : "portrait",
      "idiom" : "iphone",
      "extent" : "full-screen",
      "filename" : "default-320x480.png",
      "scale" : "1x"
    },
    {
      "orientation" : "portrait",
      "idiom" : "iphone",
      "extent" : "full-screen",
      "filename" : "default-640x960.png",
      "scale" : "2x"
    },
    {
      "orientation" : "portrait",
      "idiom" : "iphone",
      "extent" : "full-screen",
      "filename" : "default-640x1136.png",
      "subtype" : "retina4",
      "scale" : "2x"
    },
    {
      "orientation" : "portrait",
      "idiom" : "ipad",
      "extent" : "to-status-bar",
      "filename" : "default-ipad-768x1004.png",
      "scale" : "1x"
    },
    {
      "orientation" : "portrait",
      "idiom" : "ipad",
      "extent" : "full-screen",
      "filename" : "default-ipad-768x1024-1.png",
      "scale" : "1x"
    },
    {
      "orientation" : "landscape",
      "idiom" : "ipad",
      "extent" : "to-status-bar",
      "filename" : "default-ipad-1024x748.png",
      "scale" : "1x"
    },
    {
      "orientation" : "landscape",
      "idiom" : "ipad",
      "extent" : "full-screen",
      "filename" : "default-ipad-1024x768.png",
      "scale" : "1x"
    },
    {
      "orientation" : "portrait",
      "idiom" : "ipad",
      "extent" : "to-status-bar",
      "filename" : "default-ipad-1536x2008.png",
      "scale" : "2x"
    },
    {
      "orientation" : "portrait",
      "idiom" : "ipad",
      "extent" : "full-screen",
      "filename" : "default-ipad-1536x2048-1.png",
      "scale" : "2x"
    },
    {
      "orientation" : "landscape",
      "idiom" : "ipad",
      "extent" : "to-status-bar",
      "filename" : "default-ipad-2048x1496.png",
      "scale" : "2x"
    },
    {
      "orientation" : "landscape",
      "idiom" : "ipad",
      "extent" : "full-screen",
      "filename" : "default-ipad-2048x1536-1.png",
      "scale" : "2x"
    }
  ],
  "info" : {
    "version" : 1,
    "author" : "xcode"
  }
}